<?xml version="1.0" encoding="UTF-8"?>
<project-private xmlns="http://www.netbeans.org/ns/project-private/1">
    <editor-bookmarks xmlns="http://www.netbeans.org/ns/editor-bookmarks/2" lastBookmarkId="0"/>
    <open-files xmlns="http://www.netbeans.org/ns/projectui-open-files/2">
        <group>
            <file>file:/C:/JAVA%20PROGRAMS/FINAL%20PROJECT%20COMPILATION%20OOP/RestaurantManagment/src/restaurantmanagement/CustomerInfo.java</file>
            <file>file:/C:/JAVA%20PROGRAMS/FINAL%20PROJECT%20COMPILATION%20OOP/RestaurantManagment/src/restaurantmanagement/Pizza.java</file>
            <file>file:/C:/JAVA%20PROGRAMS/FINAL%20PROJECT%20COMPILATION%20OOP/RestaurantManagment/src/restaurantmanagement/Menu.java</file>
            <file>file:/C:/JAVA%20PROGRAMS/FINAL%20PROJECT%20COMPILATION%20OOP/RestaurantManagment/src/restaurantmanagement/SideLines.java</file>
            <file>file:/C:/JAVA%20PROGRAMS/FINAL%20PROJECT%20COMPILATION%20OOP/RestaurantManagment/src/restaurantmanagement/CardPayment.java</file>
            <file>file:/C:/JAVA%20PROGRAMS/FINAL%20PROJECT%20COMPILATION%20OOP/RestaurantManagment/src/restaurantmanagement/FileHandling.java</file>
            <file>file:/C:/JAVA%20PROGRAMS/FINAL%20PROJECT%20COMPILATION%20OOP/RestaurantManagment/src/restaurantmanagement/CalculateCost.java</file>
            <file>file:/C:/JAVA%20PROGRAMS/FINAL%20PROJECT%20COMPILATION%20OOP/RestaurantManagment/src/restaurantmanagement/PizzaRunner.java</file>
            <file>file:/C:/JAVA%20PROGRAMS/FINAL%20PROJECT%20COMPILATION%20OOP/RestaurantManagment/src/restaurantmanagement/OrderSystem.java</file>
            <file>file:/C:/JAVA%20PROGRAMS/FINAL%20PROJECT%20COMPILATION%20OOP/RestaurantManagment/src/restaurantmanagement/MenuItem.java</file>
            <file>file:/C:/JAVA%20PROGRAMS/FINAL%20PROJECT%20COMPILATION%20OOP/RestaurantManagment/src/restaurantmanagement/Beverages.java</file>
        </group>
    </open-files>
</project-private>
